{
  "Author": "crweul",
  "Name": "Auto-Status",
  "InternalName": "AutoStatus",
  "AssemblyVersion": "1.0.0.0",
  "Description": "Sets your status to /afk or any status of choice when the game isn't the foreground window, and reverts it when the game regains focus. Commands: /autostatus, /aus.",
  "ApplicableVersion": "any",
  "Tags": [
    "utility",
    "status",
    "afk"
  ],
  "DalamudApiLevel": 14,
  "LoadRequiredState": 0,
  "LoadSync": false,
  "CanUnloadAsync": false,
  "LoadPriority": 0,
  "Punchline": "Toggle /afk or any status when the game loses focus.",
  "AcceptsFeedback": true
}